month,gross1,gross5,debt1,debt5,net1,net5,ltv1,ltv5
1,2984.9397093732596,2958.295476693182,56.08798779376038,48.11838094907058,2928.851721579499,2910.1770957441113,0.018790325184000797,0.016265576352385826
2,2812.491711688886,2844.5323429550426,56.22631590264547,48.237053857497465,2756.2653957862403,2796.2952890975453,0.019991637902065807,0.01695781521942071
3,2802.731575092052,2816.578925297171,56.36498516596416,48.35601944533119,2746.3665899260877,2768.2229058518396,0.020110732567785384,0.01716835236215838
4,2637.401358681587,2626.5619725301794,56.50399642509532,48.47527843439814,2580.8973622564918,2578.0866940957812,0.021424117432525005,0.018455790855641484
5,2630.7614639397925,2484.894658739495,56.64335052349289,48.5948315483049,2574.1181134163,2436.29982719119,0.021531161718730887,0.01955609320394912
6,2622.347834399536,2428.837055136238,56.783048306690986,48.71467951244268,2565.564786092845,2380.1223756237955,0.021653515053121523,0.02005679195705048
7,2725.9135913158048,2549.2262368123133,56.92309062230904,48.83482305399168,2668.9905006934955,2500.3914137583215,0.02088220653936141,0.019156723851648925
8,2686.734618702864,2578.8098282497544,57.063478320056944,48.955262901925536,2629.6711403828067,2529.854565347829,0.021238970876701912,0.018983665396975633
9,2483.92822949088,2378.369789327153,57.20421225174021,49.07599978701573,2426.72401723914,2329.293789540137,0.02302973635573404,0.02063430169994695
10,2453.716395908731,2346.375977434571,57.34529327126512,49.19703444183603,2396.371102637466,2297.178942992735,0.02337079108526206,0.02096724263927472
11,2519.191944571915,2374.6451370714312,57.486722234643935,49.31836760076691,2461.705222337271,2325.326769470664,0.02281950859620291,0.020768731643663427
12,2189.4104415537777,2243.3601179554053,57.62850000000005,49.44000000000005,2131.7819415537774,2193.920117955405,0.026321469426766022,0.0220383698561333
13,1949.6826612106026,1785.2050509866956,113.85861522133364,102.30811922352208,1835.824045989269,1682.8969317631736,0.05839853709866621,0.05730888962417827
14,1917.0909780976076,1697.3202665742322,114.13942128237036,102.5604386454243,1802.9515568152372,1594.759827928808,0.05953782193249622,0.06042491842298333
15,2082.6689725870256,1750.1210462817046,114.42091988690731,102.81338035508972,1968.2480527001183,1647.3076659266148,0.054939561395960713,0.0587464396097209
16,2061.3221059722887,1634.0895718039899,114.70311274294357,103.06694588724784,1946.618993229345,1531.022625916742,0.0556454095216915,0.06307300876626044
17,2064.569135493315,1565.5897989066948,114.98600156269063,103.32113678041321,1949.5831339306244,1462.2686621262815,0.05569491453974269,0.06599502427300301
18,2115.45779173608,1621.844028816986,115.26958806258276,103.5759545768948,2000.1882036734971,1518.2680742400912,0.054489193078149374,0.0638630797638696
19,2239.85939867769,1739.6625778488046,115.5538739632874,103.83140082280529,2124.3055247144025,1635.8311770259993,0.051589789087433384,0.05968479298508504
20,2351.9406997621386,1861.5781386796518,115.83886098971564,104.08747706807053,2236.101838772423,1757.4906616115813,0.04925245819396335,0.0559135686573414
21,2367.945805827646,1849.1087381180796,116.12455087103267,104.34418486643887,2251.8212549566133,1744.7645532516408,0.04904020631943675,0.05642944772011331
22,2539.9334716497333,2005.5070184334168,116.41094534066823,104.60152577549063,2423.522526309065,1900.905492657926,0.04583228129398885,0.05215714770083385
23,2544.936704072225,2057.7482585233897,116.69804613632722,104.85950135664757,2428.2386579358977,1952.8887571667422,0.04585498961510335,0.05095837205659609
24,2619.73240012835,2088.6757272404316,116.98585500000014,105.1181131751823,2502.7465451283497,1983.5576140652493,0.04465565070473174,0.05032763669546007
25,2522.9907303887467,1993.9577544626784,173.36236147173412,165.29663357150477,2349.6283689170127,1828.6611208911736,0.06871303940344725,0.08289876412955803
26,2587.3331973709633,2060.4573928811883,173.78991982348705,165.70429966234573,2413.543277547476,1894.7530932188427,0.06716951647359458,0.08042112408383137
27,2644.254391453127,2071.589990233341,174.2185326494788,166.11297116774372,2470.0358588036484,1905.477019065597,0.06588569284884066,0.08018622022258035
28,2561.544515397691,1977.7797625555634,174.6482025503273,166.52265056732227,2386.896312847364,1811.2571119882411,0.06818081883820488,0.08419676129770491
29,2571.6056900829026,2016.9977283326907,175.07893213306434,166.93334034682036,2396.526757949838,1850.0643879858703,0.06808156196272074,0.08276327632992048
30,2665.338582181429,2117.2914959601612,175.51072401115132,167.3450429981074,2489.8278581702775,1949.9464529620539,0.06584931655005936,0.07903731881859698
31,2687.596740023072,2078.306655425907,175.94358080449516,167.75776101919848,2511.653159218577,1910.5488944067088,0.06546502240622035,0.08071848328119793
32,2593.388741728618,1938.0505976501722,176.37750513946415,168.17149691426948,2417.0112365891537,1769.8791007359027,0.0680104383509817,0.08677353270248586
33,2622.2328687838876,1909.7100990222216,176.81249964890395,168.5862531936722,2445.4203691349835,1741.1238458285493,0.06742822186151005,0.08827845298613071
34,2725.94704303637,2043.4929440954388,177.2485669721535,169.0020323739497,2548.6984760642163,1874.490911721489,0.06502274775474742,0.08270252797411014
35,2727.6570357858445,1975.2813564424353,177.68570975506105,169.41883697785147,2549.9713260307835,1805.8625194645838,0.06514224751275205,0.08576947097955803
36,2824.9766358564384,2090.8904323971233,178.1239306500003,169.8366695343488,2646.8527052064383,1921.0537628627744,0.06305324029556056,0.08122695809537842
37,2740.9569225093833,2041.3411846726476,234.6512201096467,236.16175831007612,2506.3057023997367,1805.1794263625716,0.08560923310491882,0.11568950848750321
38,2719.0372026134446,1980.9294634298958,235.2299333208373,236.74419691597035,2483.807269292607,1744.1852665139254,0.08651221582946435,0.11951167433597447
39,2724.4768431179536,2012.5048983342056,235.8100737949275,237.3280719725925,2488.666769323026,1775.1768263616132,0.0865524235930231,0.11792670525623772
40,2761.396877822595,2031.8002135655406,236.3916450519326,237.91338702261763,2525.005232770662,1793.886826542923,0.08560582035507014,0.1170948725342986
41,2778.1542889396837,2144.5475336484133,236.97465062054934,238.5001456174579,2541.1796383191345,1906.0473880309553,0.08529931241183641,0.11121233820903438
42,2761.4188973137684,2120.7427211186123,237.55909403817702,239.08835131728426,2523.8598032755913,1881.654369801328,0.08602790915542292,0.11273802754875147
43,2802.5474922643957,2142.493554594505,238.14497885093922,239.678007691048,2564.4025134134563,1902.815546903457,0.08497446680502937,0.11186871819383849
44,2814.4323840151596,2102.521091384472,238.7323086137052,240.26911831650241,2575.7000754014543,1862.2519730679696,0.08482431838462647,0.11427667446526757
45,2758.3011596144893,2086.199027051002,239.32108689011145,240.86168678022446,2518.980072724378,1845.3373402707773,0.08676394383402278,0.11545479777195584
46,2797.564958141566,2042.7757787013488,239.9113172525834,241.45571667763662,2557.6536408889824,1801.3200620237121,0.08575719271661077,0.11819981379999372
47,2671.5546690140673,1926.1706886864056,240.50300328235699,242.05121161302858,2431.0516657317103,1684.119477073377,0.09002361286924898,0.12566446630859113
48,2684.730663118683,1834.500527842209,241.0961485695005,242.64817519957927,2443.6345145491823,1591.8523526426297,0.08980273212562569,0.13226934062809392
49,2685.990547264823,1885.399192159375,297.7787445066967,315.73870926870217,2388.2118027581264,1569.6604828906727,0.11086366063720084,0.16746517691411655
50,2579.34925693382,1897.4461009518354,298.5131472231081,316.51740610331774,2280.8361097107118,1580.9286948485178,0.1157319608504523,0.16681233050284794
51,2636.042944603185,1874.706893318823,299.2493611747397,317.2980234143983,2336.7935834284453,1557.4088699044246,0.11352218740874384,0.16925207057444625
52,2740.1546787347484,1933.317994387809,299.9873908285862,318.0805659383569,2440.167287906162,1615.2374284494522,0.10947826893009695,0.16452573599465106
53,2866.9828687778945,1999.7699611812586,300.72724066265897,318.86503842328796,2566.2556281152356,1680.9049227579708,0.10489328134382946,0.15945085915528767
54,2861.0847881478,2019.8596187371936,301.4689151660136,319.65144562899576,2559.615872981786,1700.2081731081978,0.10536874559428125,0.15825428790384963
55,2791.735582015044,1976.392693378006,302.21241883877667,320.4397923270237,2489.5231631762676,1655.9529010509823,0.10825252247587254,0.16213366574399504
56,2763.134574308761,1851.5841583401948,302.9577561921735,321.23008330068313,2460.176818116587,1530.3540750395116,0.1096427799822102,0.1734893236441608
57,2814.066926021538,1947.252115445834,303.7049317485552,322.0223233450822,2510.361994272983,1625.2297921007519,0.10792384819998796,0.16537269149216122
58,2876.0854550198446,1966.8793284051753,304.45395004142625,322.8165172671552,2571.6315049784184,1644.0628111380202,0.10585705981372712,0.1641262443532353
59,2923.4463143312114,2003.2487075250756,305.2048156154719,323.6126698856915,2618.2414987157395,1679.636037639384,0.10439898079171422,0.16154393045160154
60,2943.886418303714,2017.1210588548824,305.95753302658585,324.4107860313651,2637.9288852771283,1692.7102728235172,0.10392980215686463,0.16082861492484382
61,2751.89078531741,1923.649811900093,362.8000946356583,401.5018229501703,2389.0906906817518,1522.1479889499228,0.13183666174957304,0.2087187701557724
62,2797.3056551285445,1941.624257258883,363.69485754244715,402.49203475963714,2433.6107975860973,1539.132222499246,0.13001613065617396,0.20729656279009476
63,2804.4038926455946,1992.3927559382262,364.5918271759464,403.4846886985578,2439.812065469648,1588.9080672396683,0.13000688956825004,0.20251262583443552
64,2862.309692311126,2098.267365779872,365.4910089785394,404.47979078988243,2496.8186833325867,1693.7875749899895,0.12769093783259686,0.19276847049448712
65,2893.027589789587,2098.811487985702,366.39240840603196,405.47734707141524,2526.6351813835554,1693.3341409142868,0.1266467038541724,0.1931937905774306
66,2884.665654457191,2106.738549424176,367.2960309276853,406.4773635958514,2517.3696235295056,1700.2611858283249,0.1273270718081883,0.19294153216446897
67,2927.88626926474,2126.8214791356936,368.2018820262494,407.47984643081355,2559.6843872384907,1719.34163270488,0.12575689359638734,0.19159099643680808
68,2973.56036232559,2153.8855967574896,369.10996719799607,408.48480165888884,2604.450395127594,1745.4007950986006,0.12413064549640386,0.18965018489089278
69,2888.726731136006,2102.629301219422,370.0202919527525,409.4922353776656,2518.7064391832537,1693.1370658417563,0.1280911371659029,0.1947524630899894
70,3016.5520644509425,2258.1797244807167,370.93286181393455,410.50215369977064,2645.619202637008,1847.677570780946,0.1229658410956185,0.18178453612418663
71,2992.2080238804197,2209.330965273606,371.8476823185804,411.51456275290593,2620.360341561839,1797.8164025207002,0.12427200226418511,0.18626207174077403
72,2977.5026190316944,2226.782058912564,372.7647590173839,412.5294686798862,2604.7378600143106,1814.252590232678,0.12519376360401313,0.18525812484825863
73,2982.958418820898,2219.137683893884,429.7720852684889,489.2442159940123,2553.186333552409,1729.8934678998717,0.14407578816950758,0.220465913199015
74,3022.3476554596564,2263.161755327909,430.83201917136654,490.4508242151927,2591.51563628829,1772.710931112716,0.14254879593123548,0.2167104596304613
75,3165.294234915217,2395.8816949962443,431.89456715718944,491.66040825775605,2733.3996677580276,1904.2212867384883,0.1364468940653657,0.2052106367708305
76,3177.129411232004,2326.57335733588,432.9597356729914,492.87297546088064,2744.1696755590124,1833.700381874999,0.13627387481994369,0.2118450182999006
77,3269.5475495612186,2435.6749998183213,434.0275311817063,494.0885331818452,2835.5200183795123,1941.5864666364762,0.1327484994796769,0.20285486906861533
78,3224.6208368302096,2394.177777697318,435.09796016220736,495.30708879607346,2789.522876668002,1898.8706889012446,0.13492995988635584,0.20687982881223294
79,3213.7893645426693,2389.6042853544272,436.1710291093464,496.52864969717893,2777.618335433323,1893.0756356572483,0.13571861115777098,0.2077869765886922
80,3361.8100902975298,2477.2137266256927,437.24674453399336,497.75322329700987,2924.5633457635363,1979.460503328683,0.13006289254587125,0.20093269222071464
81,3434.955195562775,2516.997486417478,438.32511296307575,498.980817025694,2996.630082599699,2018.0166693917838,0.12760722862682394,0.19824446377811414
82,3446.3444595258998,2487.9494134082825,439.4061409396182,500.2114383316839,3006.9383185862816,1987.7379750765986,0.12749919403008994,0.20105370134774408
83,3476.0918467411802,2473.517184998163,440.4898350227822,501.4450946818019,3035.602011718398,1972.072090316361,0.1267198493146087,0.20272553500863358
84,3425.354533612322,2444.417802019438,441.5762017879059,502.6817935612856,2983.778331824416,1941.7360084581526,0.1289140138501888,0.20564479326979154
85,3377.759662286261,2382.8938960359064,498.7532356203045,574.4044869980037,2879.0064266659565,1808.4894090379028,0.147657999824274,0.2410533209026057
86,3513.1198144027185,2447.609621138226,499.98329564915355,575.8211234213625,3013.136518753565,1871.7884977168635,0.1423188852254269,0.2352585634769588
87,3574.9712147006867,2471.0635898387054,501.2163893378698,577.2412536523105,3073.754825362817,1893.8223361863948,0.14020151750503926,0.23360032336925374
88,3652.6817957677404,2477.5774872663583,502.452524168277,578.66488630752,3150.2292715994636,1898.9126009588383,0.13755715725099696,0.23356076218871016
89,3763.125617803777,2609.6156485779943,503.6917076406509,580.0920300249137,3259.4339101631263,2029.5236185530807,0.1338492941233819,0.22229021746593666
90,3722.6765900908877,2570.611996378493,504.93394727376506,581.5226934637184,3217.7426428171225,1989.0893029147746,0.13563733917091017,0.2262195517188024
91,3713.8891051653054,2572.142533287757,506.1792506049363,582.9568853045166,3207.709854560369,1989.1856479832404,0.13629358235304828,0.22664252768269846
92,3721.8853130102907,2588.5644763722166,507.4276251900706,584.3946142492995,3214.45768782022,2004.169862122917,0.13633617978939255,0.225760115146256
93,3641.4459348276696,2567.6516752285,508.6790786037087,585.8358890215196,3132.766856223961,1981.8157862069806,0.1396915092816782,0.22816018803227467
94,3650.536338573964,2614.830798323518,509.93361843907235,587.280718366144,3140.6027201348916,2027.5500799573742,0.13968731472435406,0.22459606898567788
95,3570.3658344202054,2548.943608188493,511.19125230811005,588.7291110497073,3059.1745821120953,1960.2144971387856,0.14317615505390438,0.23096984537375106
96,3601.847223240541,2503.133332652722,512.4519878415437,590.1810758603644,3089.3952353989976,1912.9522567923575,0.14227477071625944,0.23577692333109312
97,3660.656250409624,2513.0108116314204,569.8038204826745,652.5081827636742,3090.8524299269498,1860.5026288677464,0.15565619427361255,0.25965196000890767
98,3567.3318863169616,2447.041807075536,571.2091104212741,654.1174439710051,2996.1227758956875,1792.9243631045308,0.16012222260906886,0.2673094681421655
99,3560.3005783877707,2420.224373550117,572.6178661839706,655.7306740506073,2987.6827122038003,1764.4936994995096,0.16083413565134214,0.2709379680730782
100,3478.8200663398698,2337.715675093223,574.0300963184211,657.3478827907905,2904.7899700214484,1680.3677923024325,0.16500712464912526,0.28119240068173684
101,3519.8419475439478,2313.126012358248,575.4458093933638,658.9690800040053,2944.396138150584,1654.1569323542426,0.16348626386332335,0.28488248218357193
102,3692.9336383095915,2463.636126776844,576.8650139986695,660.5942755269019,3116.068624310922,1803.0418512499418,0.15620779317949632,0.2681379235947284
103,3605.254156397336,2475.1587485976543,578.2877187453939,662.2234792203908,3026.966437651942,1812.9352693772635,0.16040137356731216,0.2675478813613815
104,3714.436007561358,2518.766438492849,579.7139322658302,663.8567009697018,3134.722075295528,1854.9097375231472,0.1560705127469487,0.2635642157305117
105,3719.247235995117,2490.1184707611646,581.1436632135607,665.4939506844446,3138.1035727815565,1824.62452007672,0.15625303356797968,0.2672539312882653
106,3851.4452828737635,2551.4614309976737,582.5769202635101,667.1352382986686,3268.8683626102534,1884.326192699005,0.15126189715171526,0.26147180991789676
107,3866.207217721555,2541.3183595077285,584.0137121119978,668.7805737709232,3282.193505609557,1872.5377857368053,0.15105597791940664,0.26316284666533113
108,3882.093506886775,2531.9777767462174,585.4540474767905,670.4299670843184,3296.6394594099843,1861.547809661899,0.1508088474525933,0.2647850914180896
109,3790.7811192080526,2420.67059421253,642.9859228909157,736.2619016965019,3147.7951963171367,1684.4086925160282,0.169618319462677,0.304156172036293
110,3771.0453043397933,2461.9866440470223,644.5716996365584,738.0777221691549,3126.4736047032347,1723.9089218778674,0.17092653299465072,0.29978949071628597
111,3841.443884348458,2537.897880603684,646.1613873354544,739.8980209449514,3195.2824970130036,1797.9998596587325,0.16820794648808177,0.29153971347694796
112,3877.4246964803115,2534.072982044312,647.7549956330696,741.7228090685953,3229.669700847242,1792.3501729757168,0.16705804660012144,0.2926998607870502
113,3948.096072028226,2535.4523293531656,649.3525341986582,743.5520976120293,3298.7435378295677,1791.9002317411364,0.16447232345718252,0.2932621090934576
114,3959.1007210323974,2539.450056736572,650.9540127253211,745.3858976745029,3308.146708307076,1794.0641590620694,0.16441966461403254,0.2935225663120119
115,4015.103974535444,2563.9296178866907,652.5594409300654,747.2242203826389,3362.544533605379,1816.7053975040517,0.16252616247766483,0.291437103097446
116,4120.8702369975335,2604.884789987058,654.1688285538627,749.0670768905018,3466.701408443671,1855.8177130965562,0.15874531128902766,0.28756245948759346
117,4176.204669578092,2642.215114295816,655.7821853617083,750.9144783796647,3520.4224842163835,1891.3006359161514,0.15702826782863585,0.2841988429771711
118,4251.398287713553,2695.808137938253,657.3995211426811,752.7664360592777,3593.9987665708722,1943.0417018789753,0.15463136517755843,0.2792359090639854
119,4316.829729367666,2696.840631717768,659.0208457100023,754.6229611661355,3657.8088836576635,1942.2176705516322,0.15266315491357968,0.27981741015429384
120,4293.316510131934,2769.59306835767,660.6461689010948,756.4840649647458,3632.670341230839,2013.109003392924,0.1538778162155096,0.2731390663875868
121,4349.456277957661,2716.3559484795755,718.3634883714043,820.6054416546718,3631.0927895862565,1895.7505068249038,0.16516167595751083,0.3020979051416251
122,4326.751633017075,2743.6524428212783,720.1351665283013,822.6292760504126,3606.6164664887733,1921.0231667708658,0.16643783318483338,0.2998299869222899
123,4354.24288890374,2768.393959964202,721.9112141214829,824.6581017677478,3632.3316747822573,1943.7358581964545,0.16579488846641652,0.29788321810180923
124,4528.467150064565,2848.822735768132,723.6916419271578,826.6919311166229,3804.7755081374075,2022.1308046515092,0.15980940524584342,0.2901872133836789
125,4433.904120705669,2738.8313967487156,725.4764607481115,828.7307764373431,3708.4276599575574,1910.1006203113725,0.16362024098812714,0.3025855397382748
126,4364.8676138798,2691.491173440936,727.2656814137724,830.7746501006483,3637.6019324660274,1860.716523340288,0.16661803879255063,0.3086670535272626
127,4360.306496955327,2742.683273188582,729.0593147802771,832.8235645077876,3631.24718217505,1909.8597086807945,0.16720368517427792,0.3036528397752489
128,4552.987443929277,2790.4112277699314,730.8573717305361,834.8775320905954,3822.130072198741,1955.533695679336,0.16052259768583907,0.2991951594023011
129,4637.594819415179,2838.2319442277685,732.6598631743004,836.9365653115659,3904.9349562408784,2001.2953789162025,0.15798272417138245,0.2948795523965823
130,4756.006075667425,2912.8058378653773,734.4668000482274,839.0006766639295,4021.5392756191973,2073.805161201448,0.1544293233362107,0.28803865529148465
131,4898.331818925661,2946.6638875815493,736.278193315947,841.0698786717281,4162.053625609714,2105.5940089098212,0.1503120287750194,0.2854312234986629
132,4866.404608075067,2933.591571530628,738.0940539681285,843.1441838898913,4128.310554106938,2090.4473876407365,0.15167132891978863,0.2874102148616323
133,4376.492651008813,2669.333873193539,796.0023808163077,901.5314003876604,3580.490270192505,1767.8024728058788,0.18188134752901355,0.33773647030114134
134,4365.648966715493,2692.1583933822953,797.9655374267967,903.7548200292191,3567.683429288696,1788.4035733530764,0.18278279896313973,0.33569897753816264
135,4171.741810777382,2511.0608069337723,799.9335357110924,905.983723223431,3371.8082750662898,1605.0770837103414,0.19175048984204252,0.36079720599427356
136,4431.188200885754,2704.510620364321,801.9063876100687,908.218123494216,3629.281813275685,1796.292496870105,0.18096870438718332,0.33581606840644285
137,4581.117389305252,2778.013159961334,803.8841050940487,910.4580343988482,3777.233284211203,1867.555125562486,0.17547773540375516,0.32773712073110567
138,4752.866892132236,2811.7872574921557,805.8667001628775,912.7034695280371,3947.0001919693586,1899.0837879641185,0.1695538121416543,0.32459904891313895
139,4949.335595803165,2903.8181978111807,807.8541848459953,914.9544425060108,4141.48141095717,1988.86375530517,0.16322477415575187,0.3150866824912381
140,4763.371185659522,2809.2362164040783,809.84657120251,917.2109669905983,3953.524614457012,1892.02524941348,0.17001542387471555,0.32649834201719813
141,4936.761417545909,2905.185821556302,811.8438713212705,919.4730566733126,4124.9175462246385,1985.7127648829894,0.16444867447632144,0.31649371611649707
142,5031.461598027794,2918.313805549261,813.8460973209402,921.7407252794337,4217.615500706854,1996.5730802698272,0.16175142778391619,0.3158470221833979
143,5023.736323049812,2886.4773995650266,815.8532613500702,924.0139865680917,4207.883061699742,1962.463412996935,0.16239969793135592,0.32011821284564174
144,5053.733121772088,2923.4409836147097,817.8653755871733,926.2928543323504,4235.867746184915,1997.1481292823592,0.16183390691204314,0.316850197942778
145,5081.403714117505,2818.7293336487464,875.9704400345581,979.2692775720103,4205.433274082947,1839.4600560767362,0.17238749159034084,0.3474151511753633
146,5238.849716299796,2903.740336786051,878.1308194522469,981.6844197902318,4360.718896847548,1922.0559169958192,0.16761901314330344,0.3380758283906302
147,5406.669650404837,2959.7548352452577,880.2965269483902,984.105518400702,4526.373123456447,1975.6493168445559,0.16281677703065806,0.3324956197999267
148,5427.848331863499,2931.2862395029483,882.467575663467,986.5325880934909,4545.380756200032,1944.7536514094575,0.1625814727510075,0.33655279883576805
149,5241.532229778719,2739.854673676994,884.6439787703639,988.9656435948983,4356.888251008355,1750.8890300820958,0.16877583500191715,0.36095551092411304
150,4669.502124926932,2366.198588348968,886.8257494744557,991.4046996675432,3782.6763754524763,1374.7938886814245,0.18991869491618074,0.4189862611486481
151,5257.228477005797,2546.874517829715,889.0129010136851,993.8497711104532,4368.215575992112,1553.0247467192617,0.169102960790476,0.3902232968891412
152,5486.360919136184,2689.7033240641485,891.2054466586432,996.3008727591538,4595.155472477541,1693.4024513049949,0.1624401784341526,0.3704129239256546
153,5755.591123118427,2717.353277147871,893.4033997126497,998.7580194857594,4862.187723405777,1718.5952576621114,0.15522356967369083,0.3675480946423183
154,6187.401266541862,2821.8208204101375,895.6067735118344,1001.221226199063,5291.794493030028,1820.5995942110744,0.14474683876650996,0.35481389142686265
155,6526.029606657521,2991.8129967291475,897.815581425217,1003.6905078446266,5628.214025232304,1988.1224888845209,0.13757454923424062,0.3354790252405244
156,6243.7420535591,2868.538887011377,900.0298368547893,1006.1658794048719,5343.712216704311,1862.373007606505,0.1441491062786215,0.35075901671082393
157,5983.390583642506,2672.463115899111,958.337541029356,1062.9292833657512,5025.05304261315,1609.5338325333598,0.16016630163661308,0.39773393954144215
158,6648.661726548983,2984.0021899831586,960.7010599384605,1065.5507537274125,5687.960666610523,1918.451436255746,0.14449540365428046,0.35708779212840536
159,6981.88258647638,3068.2024060803656,963.0704079228068,1068.1786893421859,6018.812178553573,2000.0237167381797,0.13793849953710688,0.34814479228141476
160,7050.765540518803,3046.888512993265,965.445599358467,1070.8131061551294,6085.319941160336,1976.0754068381357,0.13692776958903508,0.3514447941198748
161,7193.565233896448,3102.172027981165,967.8266486569684,1073.4540201506263,6225.73858523948,2028.7180078305385,0.13454060916783234,0.3460330408720789
162,7475.073390120547,3260.204974946385,970.213570265381,1076.1014473524817,6504.859819855165,2184.103527593903,0.12979318324120626,0.33007171500625615
163,7881.216529122169,3302.9143838205578,972.6063786664054,1078.7554038240194,6908.610150455764,2224.1589799965386,0.12340815343322852,0.3266071349316048
164,7688.799279071202,3333.0645764517026,975.0050883784601,1081.41590566818,6713.794190692743,2251.648670783523,0.12680849804889685,0.32445093122660956
165,8174.635744462422,3400.370082409734,977.4097139557701,1084.0829690276178,7197.226030506652,2316.2871133821163,0.1195661488180531,0.318813229958594
166,8176.273322667196,3415.8396410692044,979.8202699884553,1086.7566100847998,7196.453052678741,2329.0830309844046,0.11983702492822566,0.3181521161059628
167,8395.362644858584,3472.365537849957,982.2367711026183,1089.4368450621032,7413.125873755966,2382.928692787854,0.11699753931465383,0.313744861589851
168,8019.288408022361,3351.1144535970816,984.6592319604338,1092.1236902219139,7034.629176061928,2258.9907633751677,0.12278635981908285,0.3258986541177756
169,8251.880157018833,3392.1496517348946,1043.175655053998,1145.0319700588993,7208.704501964836,2247.1176816759953,0.12641672385010344,0.3375534948681523
170,8466.170079429116,3313.850646610294,1045.748407639261,1147.8559277949769,7420.421671789854,2165.9947188153174,0.12352083620197919,0.3463813099027585
171,8721.103177661342,3417.8592765024136,1048.3275053264563,1150.6868501726572,7672.775672334886,2267.1724263297565,0.12020583680418934,0.33666887869947226
172,8192.766171803862,3294.9047565663136,1050.9129637643175,1153.5247543686253,7141.853208039544,2141.3800021976886,0.12827327690385312,0.3500935048486004
173,8014.460616860948,3227.534709798497,1053.5047986401714,1156.3696576019286,6960.955818220777,2071.1650521965685,0.13145049292821923,0.3582826403357638
174,8291.407930771857,3348.9208941414363,1056.1030256800345,1159.2215771340814,7235.304905091822,2189.6993170073547,0.12737318372197381,0.34614779320765987
175,7527.71033272782,3203.496056371072,1058.7076606487076,1162.0805302691695,6469.002672079112,2041.4155261019025,0.1406413921170454,0.36275385073692806
176,7449.8645528074685,3149.938462460067,1061.3187193498718,1164.946534353955,6388.545833457597,1984.991928106112,0.14246147857143465,0.3698315215479304
177,6727.4209171949215,3004.042982426168,1063.9362176261845,1167.819606777982,5663.484699568737,1836.2233756481858,0.15814919725133023,0.3887493000632138
178,7272.296674881638,3218.505792849934,1066.560171359375,1170.699764973682,6205.736503522263,2047.806027876252,0.14666070693227518,0.3637401453725664
179,7147.263987200925,3155.873546861724,1069.1905964703417,1173.5870264164796,6078.073390730583,1982.2865204452446,0.14959439001903546,0.37187390717334745
180,6478.290352602277,3000.4301852653075,1071.8275089192477,1176.4814086248982,5406.46284368303,1823.9487766404093,0.16544913095608677,0.3921042437189286
181,6477.429372219773,3098.061819433332,1130.5589124993792,1217.2300799489808,5346.870459720393,1880.8317394843511,0.17453820760255453,0.3929005135771064
182,7016.029323135656,3206.3637042832947,1133.347175771085,1220.2320977010977,5882.682147364571,1986.131606582197,0.1615368356619925,0.38056571563326475
183,6465.544034148606,3053.510172041132,1136.1423156522148,1223.2415192388526,5329.401718496391,1830.2686528022796,0.1757226166354343,0.400601750221507
184,7049.037202382971,3200.507657786894,1138.944349102343,1226.2583628219782,5910.092853280628,1974.2492949649159,0.16157445568840462,0.3831449550943798
185,7144.571790152725,3162.129868324154,1141.7532931228702,1229.2826467552406,6002.818497029855,1932.8472215689133,0.15980709924372719,0.388751473830747
186,7583.3859680110545,3218.0918460284493,1144.5691647571273,1232.3143893885506,6438.816803253927,1985.7774566398987,0.15093114996193727,0.3829332562118727
187,7584.897556957727,3289.90181091896,1147.3919810904786,1235.3536091170745,6437.505575867248,2054.5482018018856,0.1512732337482872,0.3754986258304184
188,8147.9631638627125,3248.420594024417,1150.2217592504257,1238.400324381346,6997.741404612287,2010.0202696430708,0.14116678439978847,0.3812315211458229
189,8624.295775189716,3481.43762554048,1153.058516406711,1241.4545536673788,7471.237258783005,2239.983071873101,0.13369886034333583,0.35659250206289356
190,8921.044593111723,3626.958653121963,1155.9022697714222,1244.5163155067773,7765.1423233403,2382.4423376151854,0.12957028268460155,0.3431294466055024
191,8791.145956956423,3585.5866528014817,1158.7530365990967,1247.5856284768504,7632.392920357326,2338.0010243246315,0.13180910000500867,0.34794463201777315
192,8493.699827371416,3477.836867965908,1161.6108341868262,1250.6625112007234,7332.08899318459,2227.1743567651847,0.1367614652973103,0.3596093085102643
193,8233.55194891683,3290.6459614069736,1220.563667668122,1283.4936574138628,7012.988281248707,2007.1523039931108,0.1482426630986028,0.39004307131997956
194,8965.867138310616,3426.0170320126904,1223.573906946864,1286.6590990240861,7742.293231363752,2139.3579329886043,0.1364702251407012,0.37555537144198303
195,9354.037355721946,3543.197694788671,1226.5915702877467,1289.8323474672686,8127.4457854342,2253.3653473214026,0.1311296420617168,0.36403059004140575
196,9533.716939894448,3597.9354564289274,1229.6166760005099,1293.0134219971667,8304.100263893939,2304.922034431761,0.12897558043233906,0.3593764917841317
197,10218.609587787289,3803.8109463382557,1232.6492424400506,1296.2023419150212,8985.960345347237,2507.6086044232343,0.120627883064761,0.3407641337072265
198,10787.940098000447,3960.791403742452,1235.6892880065334,1299.3991265696754,9552.250809993913,2661.3922771727766,0.11454358077456969,0.32806552885918355
199,10627.633079779524,3883.5052981065232,1238.7368311455034,1302.603795357692,9388.89624863402,2580.9015027488313,0.11655811052626233,0.3354196004297461
200,11233.000739850771,4036.8433935855023,1241.7918903479967,1305.8163677234706,9991.208849502775,2731.0270258620317,0.11054854522910801,0.32347461628023466
201,12279.133103847516,4117.356632145989,1244.854484150654,1309.0368631593665,11034.278619696863,2808.319768986623,0.10137967180766157,0.3179313768788324
202,11971.805989712877,4223.936217820088,1247.9246311358313,1312.2653012058076,10723.881358577046,2911.6709166142805,0.10423862800718178,0.3106735598112437
203,11862.468240103099,4196.27452374816,1251.002349931715,1315.5017014514144,10611.465890171385,2880.772822296746,0.10545885768549314,0.31349276459548536
204,11968.558300217277,4243.733653834624,1254.0876592124323,1318.746083533118,10714.470641004846,2924.9875703015064,0.10478184821890082,0.3107513786454301
205,12072.684247240488,4069.0740496089097,1313.2685654919273,1339.7102055935343,10759.41568174856,2729.3638440153754,0.10878016343317415,0.32924203129758667
206,12399.146889351643,4305.771124905331,1316.5074400579167,1343.0142923772364,11082.639449293727,2962.7568325280945,0.10617725975877663,0.311910283528311
207,12746.026526140313,4227.371751447737,1319.7543025623445,1346.3265279302982,11426.27222357797,2881.0452235174384,0.10354240985264808,0.3184783849372191
208,13114.957864197555,4368.953341158632,1323.0091727056217,1349.6469323497834,11791.948691491933,3019.3064088088486,0.10087788206451631,0.30891768049687196
209,12778.681153133426,4349.143294340257,1326.272070236746,1352.9755257823201,11452.40908289668,2996.167768557937,0.10378786780445919,0.31109012378208145
210,11549.68946355445,4248.727401686131,1329.5430149534216,1356.3123284242238,10220.146448601028,2892.4150732619073,0.11511504436104994,0.31922790054404615
211,11264.272468575766,4160.381160575358,1332.8220267021786,1359.6573605216192,9931.450441873587,2800.723800053739,0.11832295697928001,0.3268107675820708
212,11628.786474093777,4044.3830456044034,1336.1091253784948,1363.010642370564,10292.677348715282,2681.3724032338396,0.11489669436746769,0.337013242069625
213,12167.364253204538,4109.961632656313,1339.404330926915,1366.3721943171709,10827.959922277623,2743.589438339142,0.11008171556745776,0.33245375904739766
214,12961.087916436565,4256.863504818257,1342.7076633411727,1369.7420367577315,11618.380253095393,2887.1214680605253,0.10359529014832328,0.3217725997573914
215,13454.683471856655,4470.084798561814,1346.0191426643116,1373.1201901388408,12108.664329192343,3096.964608422973,0.1000409370818569,0.30717989747769947
216,14425.849064865193,4603.430502486912,1349.3387889888068,1376.50667495752,13076.510275876386,3226.923827529392,0.09353617821187263,0.2990175857360918
217,15693.345869451501,4585.352852798662,1408.754610250447,1387.9805584597148,14284.591259201054,3197.372294338947,0.08976763922553403,0.30269874598910385
218,15508.361690535781,4682.78818969373,1412.2289791623011,1391.4036929555891,14096.13271137348,3291.3844967381406,0.09106242215282713,0.29713146027358367
219,15973.413818935927,4712.650394634032,1415.7119168051804,1394.8352698245972,14557.701902130746,3317.8151248094346,0.08862926440476382,0.2959768183552931
220,17398.942546259314,4865.212813891933,1419.203444311887,1398.2753098879086,15979.739101947427,3466.937504004025,0.08156837351112518,0.28740270228166165
221,18672.482817893328,4920.950539327375,1422.7035828673427,1401.7238340180438,17249.779235025984,3519.226705309331,0.07619252333728244,0.28484818589736116
222,16838.419178464028,4761.486039856408,1426.2123537087166,1405.1808631390002,15412.20682475531,3356.3051767174074,0.08469989602900557,0.29511393110823364
223,21202.800861744712,5097.221730051794,1429.7297781255545,1408.6464182263794,19773.071083619157,3688.5753118254147,0.06743117512861961,0.2763557272624406
224,25065.404496230338,5277.2658001826385,1433.255877459908,1412.1205203075149,23632.14861877043,3865.1452798751234,0.057180640259584074,0.26758563501930177
225,25930.414311912333,5334.052966752795,1436.790673106464,1415.603190461599,24493.623638805868,3918.449776291196,0.05540947613962373,0.26538978883131975
226,23705.41613623663,5389.759887732004,1440.3341865126745,1419.0944498198112,22265.081949723954,3970.665437912193,0.060759709014808115,0.2632945584551749
227,25505.574661690865,5407.697042594602,1443.8864391788863,1422.5943195654456,24061.68822251198,3985.1027230291566,0.05661062172998557,0.2630684205050969
